<?xml version="1.0" encoding="utf-8"?>
<feed xmlns="http://www.w3.org/2005/Atom"
    xmlns:rdf="http://www.w3.org/1999/02/22-rdf-syntax-ns#"
    xmlns:leap2="http://terms.leapspecs.org/"
    xmlns:categories="http://wiki.leapspecs.org/2A/categories/"
    xmlns:portfolio="https://eportfolio.u-pec.fr/export/leap/3575/1663686455/"
    xmlns:mahara="http://wiki.mahara.org/Developer_Area/Import%2F%2FExport/LEAP_Extensions#"
>
    <leap2:version>http://www.leapspecs.org/2010-07/2A/</leap2:version>
    <id>https://eportfolio.u-pec.fr/export/3575/1663686455</id>
    <title>Mahara Leap2A Export for Oscar FERREIRA ARAUJO, 20/09/2022 17:07</title>
    <updated>2022-09-20T17:05:35+02:00</updated>
    <generator uri="https://mahara.org/" version="2008122400">Mahara</generator>
    <author>
        <name>Oscar FERREIRA ARAUJO</name>
        <email>oscar.ferreira-araujo@etu.u-pec.fr</email>
        <uri>portfolio:artefactinternal</uri>
    </author>

    <entry>
        <title>Découverte de Mahara</title>
        <id>portfolio:view30811</id>

        <updated>2022-09-20T16:04:16+02:00</updated>
        <published>2022-09-20T16:04:35+02:00</published>

        <summary type="xhtml"><div xmlns="http://www.w3.org/1999/xhtml"><div>Mes premier pas sur Mahara</div></div></summary>

   <subtitle type="xhtml"><div xmlns="http://www.w3.org/1999/xhtml"><div></div></div></subtitle>
        <content type="xhtml"><div xmlns="http://www.w3.org/1999/xhtml"><div><div id="user_block_132016"><div class="bt-text gridstackblock card card-secondary clearfix" id="user_blockinstance_132016">
    
    
        <div class="block-header quick-edit d-none">
    <a class="modal_link list-group-heading" href="#" title="Édition rapide">
        <span class="icon icon-pencil-alt" title="Édition rapide"></span>
        Édition rapide
    </a>
</div>

    
    
        <h2 class="title card-header js-heading">
            

            <span class="collapse-inline">
                Presentation
                
            </span>

            

        </h2>
    

    <div class="block" id="user_blockinstance_132016_target">
        
        
            

<div class="textblock card-body flush">
<p>Ceci est mon premier block découverte<strong> Mahara</strong></p>
</div>


        
    </div>
</div>
</div><div id="user_block_132033"><div class="bt-image gridstackblock card card-secondary clearfix" id="user_blockinstance_132033">
    
        <div class="block-header d-none">
    
        <a class="commentlink" href="#" title="">
        
            
                <span class="icon icon-plus" title="Commentaires et les détails"></span>
                Ajouter un commentaire
                <span class="bh-margin-left icon icon-search-plus"></span>
                Détails
            
        
        </a>
    
</div>

    
    
    
        <h2 class="title card-header js-heading">
            

            <span class="collapse-inline">
                Bloc-Image
                
            </span>

            

        </h2>
    

    <div class="block" id="user_blockinstance_132033_target">
        
        
            <div class="imageblock card-body">
    <div class="image">
        
        <a class="modal_link" href="#">
            <img rel="leap2:has_part" href="portfolio:artefact86411" alt="silhouette-homme.jpg" title="silhouette-homme.jpg" />
        </a>
        
    </div>

    
</div>

        
    </div>
</div>
</div></div></div></content>
        <rdf:type rdf:resource="leap2:selection"/>

        <link rel="leap2:has_part" href="portfolio:artefact86411"/>


        <category term="Webpage" scheme="categories:selection_type#"/>





        <mahara:view mahara:newlayout="1" mahara:type="portfolio" mahara:ownerformat="6">
        
            
            <mahara:blockinstance mahara:blocktype="text" mahara:blocktitle="Presentation" mahara:positionx="0" mahara:positiony="0" mahara:height="8" mahara:width="4">
                
                    
                    <mahara:text>[&quot;&lt;p&gt;Ceci est mon premier block d&amp;eacute;couverte&lt;strong&gt; Mahara&lt;\/strong&gt;&lt;\/p&gt;&quot;]</mahara:text>
                    
                
                    
                    <mahara:instructions></mahara:instructions>
                    
                
                
                
            </mahara:blockinstance>
            
            <mahara:blockinstance mahara:blocktype="image" mahara:blocktitle="Bloc-Image" mahara:positionx="4" mahara:positiony="0" mahara:height="23" mahara:width="4">
                
                    
                    <mahara:artefactid>[&quot;portfolio:artefact86411&quot;]</mahara:artefactid>
                    
                
                    
                    <mahara:showdescription>[false]</mahara:showdescription>
                    
                
                    
                    <mahara:width>[&quot;&quot;]</mahara:width>
                    
                
                    
                    <mahara:retractable>[0]</mahara:retractable>
                    
                
                    
                    <mahara:retractedonload>[0]</mahara:retractedonload>
                    
                
                
                
            </mahara:blockinstance>
            
        
        </mahara:view>
    </entry>

    <entry>
        <title>silhouette-homme.jpg</title>
        <id>portfolio:artefact86411</id>

        <updated>2022-09-20T16:04:14+02:00</updated>
        <published>2022-09-20T16:04:14+02:00</published>




        <content type="xhtml"><div xmlns="http://www.w3.org/1999/xhtml"><div></div></div></content>
        <rdf:type rdf:resource="leap2:resource"/>
        <mahara:artefactplugin mahara:type="image" mahara:plugin="file"/>
        <link rel="enclosure" type="image/jpeg" href="export_info/files/86411-silhouette-homme.jpg"/>
        <link rel="leap2:is_part_of" href="portfolio:view30811"/>


        <category term="Offline" scheme="categories:resource_type#" label="File"/>




    </entry>


</feed>
