<?xml version="1.0" encoding="utf-8"?>
<feed xmlns="http://www.w3.org/2005/Atom"
    xmlns:rdf="http://www.w3.org/1999/02/22-rdf-syntax-ns#"
    xmlns:leap2="http://terms.leapspecs.org/"
    xmlns:categories="http://wiki.leapspecs.org/2A/categories/"
    xmlns:portfolio="https://eportfolio.u-pec.fr/export/leap/3575/1665665062/"
    xmlns:mahara="http://wiki.mahara.org/Developer_Area/Import%2F%2FExport/LEAP_Extensions#"
>
    <leap2:version>http://www.leapspecs.org/2010-07/2A/</leap2:version>
    <id>https://eportfolio.u-pec.fr/export/3575/1665665062</id>
    <title>Mahara Leap2A Export for Oscar FERREIRA ARAUJO, 13/10/2022 14:44</title>
    <updated>2022-10-13T14:02:22+02:00</updated>
    <generator uri="https://mahara.org/" version="2008122400">Mahara</generator>
    <author>
        <name>Oscar FERREIRA ARAUJO</name>
        <email>oscar.ferreira-araujo@etu.u-pec.fr</email>
        <uri>portfolio:artefactinternal</uri>
    </author>

    <entry>
        <title>Profile page</title>
        <id>portfolio:view30760</id>

        <updated>2022-10-13T12:12:34+02:00</updated>
        <published>2022-09-20T16:04:28+02:00</published>

        <summary type="xhtml"><div xmlns="http://www.w3.org/1999/xhtml"><div>Your profile page is what others see when they click on your name or profile picture.</div></div></summary>

   <subtitle type="xhtml"><div xmlns="http://www.w3.org/1999/xhtml"><div></div></div></subtitle>
        <content type="xhtml"><div xmlns="http://www.w3.org/1999/xhtml"><div><div id="user_block_135617"><div class="bt-image gridstackblock card card-secondary clearfix" id="user_blockinstance_135617">
    
        <div class="block-header d-none">
    
        <a class="commentlink" href="#" title="">
        
            
                <span class="icon icon-plus" title="Commentaires et les détails"></span>
                Ajouter un commentaire
                <span class="bh-margin-left icon icon-search-plus"></span>
                Détails
            
        
        </a>
    
</div>

    
    
    
        
    

    <div class="no-heading block" id="user_blockinstance_135617_target">
        
        
            <div class="imageblock card-body">
    <div class="image">
        
        <a class="modal_link" href="#">
            <img rel="leap2:has_part" href="portfolio:artefact89319" alt="portfolio-1000x500.jpg" title="portfolio-1000x500.jpg" />
        </a>
        
    </div>

    
</div>

        
    </div>
</div>
</div><div id="user_block_135021"><div class="bt-text gridstackblock card card-secondary clearfix" id="user_blockinstance_135021">
    
    
        <div class="block-header quick-edit d-none">
    <a class="modal_link list-group-heading" href="#" title="Édition rapide">
        <span class="icon icon-pencil-alt" title="Édition rapide"></span>
        Édition rapide
    </a>
</div>

    
    
        <h2 class="title card-header js-heading">
            

            <span class="collapse-inline">
                BIENVENUE
                
            </span>

            

        </h2>
    

    <div class="block" id="user_blockinstance_135021_target">
        
        
            

<div class="textblock card-body flush">
<p>Bienvenue dans mon portfolio !</p>
<p> </p>
<p>Vous trouverez toute mes information personnelles</p>
</div>


        
    </div>
</div>
</div><div id="user_block_131840"><div class="bt-profileinfo gridstackblock card card-secondary card-regular clearfix" id="user_blockinstance_131840">
    
    
    
        <h2 class="title card-header js-heading">
            

            <span class="collapse-inline">
                À propos de moi
                
            </span>

            

        </h2>
    

    <div class="block" id="user_blockinstance_131840_target">
        
        
            
    
    <div class="card-body flush">
    
    
    
        <p>Bonjour je m'appelle Oscar Ferreira j'ai 18 ans je suis né au Portugal dans la ville de Porto le 11 Juillet 2004. </p>
<p><br />Je suis actuellement a L'UPEC de Vitry Sur Seine dans le domaine Réséaux et Télécommunication, </p>
    
    
        <ul class="unstyled profile-info">
        
            <li><strong>Prénom:</strong> Oscar</li>
        
            <li><strong>Nom:</strong> FERREIRA ARAUJO</li>
        
            <li><strong>Identifiant étudiant:</strong> u32207086</li>
        
            <li><strong>Nom préféré:</strong> Oscar Ferreira Araujo</li>
        
            <li><strong>Adresse de courriel:</strong> <a href="mailto:oscar.ferreira-araujo@etu.u-pec.fr">oscar.ferreira-araujo@etu.u-pec.fr</a></li>
        
        </ul>
    
    
    
    
    </div>
    


        
    </div>
</div>
</div><div id="user_block_135618"><div class="bt-text gridstackblock card card-secondary clearfix" id="user_blockinstance_135618">
    
    
        <div class="block-header quick-edit d-none">
    <a class="modal_link list-group-heading" href="#" title="Édition rapide">
        <span class="icon icon-pencil-alt" title="Édition rapide"></span>
        Édition rapide
    </a>
</div>

    
    
        <h2 class="title card-header js-heading">
            

            <span class="collapse-inline">
                About me
                
            </span>

            

        </h2>
    

    <div class="block" id="user_blockinstance_135618_target">
        
        
            

<div class="textblock card-body flush">
<p id="user_tw-target-text" class="tw-data-text tw-text-large tw-ta" dir="ltr"><span class="Y2IQFc" lang="en" xml:lang="en">Hello my name is Oscar Ferreira I am 18 years old I was born in Portugal in the city of Porto on July 11, 2004.</span></p>
<p class="tw-data-text tw-text-large tw-ta" dir="ltr"><span class="Y2IQFc" lang="en" xml:lang="en">I am currently at the UPEC of Vitry Sur Seine in the Networks and Telecommunications field,</span></p>
</div>


        
    </div>
</div>
</div><div id="user_block_134989"><div class="bt-entireresume gridstackblock card card-secondary clearfix" id="user_blockinstance_134989">
    
    
    
        <h2 class="title card-header js-heading">
            

            <span class="collapse-inline">
                Mon CV
                
            </span>

            

        </h2>
    

    <div class="block" id="user_blockinstance_134989_target">
        
        
            
<div class="list-group">
    

    
    <div class="list-group-item flush">
        <h3 class="title">Centres d'intérêt</h3>
        
    <div class="card-body flush">
        <p><strong>-Informatique</strong></p>
<p><strong>-Aeronautique</strong></p>
<p><strong>-Jeux Video</strong></p>
<p><strong>-Voyages</strong></p>
    </div>


    </div>
    

    

    
    <div class="list-group-item flush">
        <h3 class="title">Informations personnelles</h3>
        <div class="card-body flush">
    <table class="table resumepersonalinfo profile-info">
    
        
        <tr>
            <th>Date de naissance</th>
            <td>11 July 2004</td>
        </tr>
        
    
        
        <tr>
            <th>Lieu de naissance</th>
            <td>Porto, Portugal</td>
        </tr>
        
    
        
        <tr>
            <th>Citoyenneté</th>
            <td>Portuguaise </td>
        </tr>
        
    
        
    
        
        <tr>
            <th>Sexe</th>
            <td>Homme</td>
        </tr>
        
    
        
    
    </table>
    
</div>

    </div>
    

    
        <div class="list-group-item flush">
            
            <div class="resume-content">
                <h3 class="title">Objectifs personnels</h3>
                <div class="card-body flush">
<p><strong>- Informatique :</strong></p>
<ul>
<li><strong><em>Maitrise </em>HTML<em> et </em>CSS</strong></li>
<li>Programmation<strong> Arduino<br /></strong><strong><br /></strong></li>
</ul>
<p><strong>- Aeronautique :</strong></p>
<ul>
<li><strong>Maitrise sur plusieur simulateur de vol </strong></li>
<li><strong>Maitrise theorique du mecanisme d'un avion</strong></li>
</ul>


</div>

            </div>
            

            
            <div class="resume-content">
                <h3 class="title">Objectifs académiques</h3>
                <div class="card-body flush">
<p><strong>-</strong> <strong>Obtenir un Bachelor Universitaires de Technologie en réseaux télécommunications.</strong></p>
<p><strong>- Obtenir le PPL (Licence de Pilote Prive).</strong></p>


</div>

            </div>
            

            
            <div class="resume-content">
                <h3 class="title">Objectifs de carrière</h3>
                <div class="card-body flush">
<p><strong>-Devenir Pilote de Ligne</strong></p>
<p><br /><strong>-Maitrise plusieurs competences dans le domaine du Reseau/Informatique</strong></p>


</div>

            </div>
            

        </div>
    

    
        <div class="list-group-item flush">
            
            <div class="resume-content">
                <h3 class="title">Compétences personnelles</h3>
                <div class="card-body flush">
<p><span style="background-color:#ffffff;color:#e03e2d;"><strong><span style="color:#000000;">- Autonomie/Travail en équipe</span></strong> </span>: Je suis autonome mais j'ai aussi un esprit de camaraderie très fort c'est a dire que pendant un TP en Réseaux et télécommunication nous avons du a faire a plusieurs exercices en solo mais non seulement pas comme un mini défis que nous avons eu a la fin du TP que on devrait nous mettre par groupe de table et que nous devions créer un serveur a l'aide de plusieurs PC donc de plusieurs camarades.</p>
<p dir="ltr"><span style="color:#000000;"><strong>- Rigoureux : </strong>Je fait preuve de précision dans mon travail, dans mon quotidien. C'est a dire que, je suis capable de organiser mon espace de travail, catégoriser mes tâches.</span></p>
<p> </p>
<p> </p>


</div>

            </div>
            

            

            
        </div>
    

    
        <div class="list-group-item flush">
            
            <div class="resume-content">
                <h3 class="title">Historique des emplois</h3>
                

<div id="user_employmenthistorylist_a977" class="list-group list-group-lite list-group-top-border">
    
    <div class="list-group-item flush-collapsible">
        
            <h4 class="list-group-item-heading">
                <a href="#employment-content-655" class="text-left collapsed collapsible">
                    Stageiére  à NextInformation
                    <span class="icon icon-chevron-down float-right collapse-indicator"></span>
                </a>
            </h4>
        

        <span class="text-small text-muted">
            2018
             - 2019
        </span>

        <div id="user_employment-content-655" class="collapse resume-content">
            
            <p class="content-text">
                </p><p>Pendant ma scolarité de 3eme j'ai donc eu a faire un stage de par rapport a mon orientation. J'ai donc fait une lettre de motivation. Pendant le stage j'ai eu a faire plein de travail qui en lien avec technicien informatique, exemple formater des PC, modifier des disque dur, et d'autres petites tâche a faire.</p>
            
            

            
                <span class="text-small text-muted">
                    Adresse : Porte de Vincenes
                </span>
            

            
        </div>
    </div>
    
</div>


            </div>
            

            
            <div class="resume-content">
                <h3 class="title">Historique de formation</h3>
                

<div id="user_educationhistorylist_d9c7" class="list-group list-group-lite list-group-top-border">
    
    <div class="list-group-item flush-collapsible">
        
            <h3 class="list-group-item-heading">
                <a href="#education-content-958" class="text-left collapsed collapsible">
                    Baccalauréat Sciences et Technologies de l'Industrie et du Développement Durable à Lyceé Adolph Chérioux
                    <span class="icon icon-chevron-down float-right collapse-indicator"></span>
                </a>
            </h3>
        

        <span class="text-small text-muted">
            2021
             - 2022
        </span>

        <div id="user_education-content-958" class="collapse resume-content">
            
            <p class="content-text">
                </p><p>J'ai obtenue se diplôme national en 2022 alors que je étais au lycée Adolph Chérioux dans la filière STI2D option sin.</p>
            
            

            
                <span class="text-small text-muted">
                    Adresse : Vitry sur seine
                </span>
            

            
        </div>
    </div>
    
</div>


            </div>
            
        </div>
    


    

    

    
</div>


        
    </div>
</div>
</div><div id="user_block_135619"><div class="bt-text gridstackblock card card-secondary clearfix" id="user_blockinstance_135619">
    
    
        <div class="block-header quick-edit d-none">
    <a class="modal_link list-group-heading" href="#" title="Édition rapide">
        <span class="icon icon-pencil-alt" title="Édition rapide"></span>
        Édition rapide
    </a>
</div>

    
    
        <h2 class="title card-header js-heading">
            

            <span class="collapse-inline">
                Sobre mí
                
            </span>

            

        </h2>
    

    <div class="block" id="user_blockinstance_135619_target">
        
        
            

<div class="textblock card-body flush">
<p class="tw-data-text tw-text-large tw-ta" dir="ltr"><span class="Y2IQFc" lang="es" xml:lang="es">Hola mi nombre es Oscar Ferreira tengo 18 años nací en Portugal en la ciudad de Porto el 11 de julio de 2004. </span></p>
<p class="tw-data-text tw-text-large tw-ta" dir="ltr"><span class="Y2IQFc" lang="es" xml:lang="es">Actualmente estoy en la UPEC de Vitry Sur Seine en el campo de Redes y Telecomunicaciones,</span></p>
</div>


        
    </div>
</div>
</div><div id="user_block_135622"><div class="bt-text gridstackblock card card-secondary clearfix" id="user_blockinstance_135622">
    
    
        <div class="block-header quick-edit d-none">
    <a class="modal_link list-group-heading" href="#" title="Édition rapide">
        <span class="icon icon-pencil-alt" title="Édition rapide"></span>
        Édition rapide
    </a>
</div>

    
    
        <h2 class="title card-header js-heading">
            

            <span class="collapse-inline">
                Langues
                
            </span>

            

        </h2>
    

    <div class="block" id="user_blockinstance_135622_target">
        
        
            

<div class="textblock card-body flush">
<p><strong>- Anglais </strong></p>
<p><strong>-Portugais</strong></p>
<p><strong>-Espanhol</strong></p>
</div>


        
    </div>
</div>
</div><div id="user_block_135620"><div class="bt-image gridstackblock card card-secondary clearfix" id="user_blockinstance_135620">
    
        <div class="block-header d-none">
    
        <a class="commentlink" href="#" title="">
        
            
                <span class="icon icon-plus" title="Commentaires et les détails"></span>
                Ajouter un commentaire
                <span class="bh-margin-left icon icon-search-plus"></span>
                Détails
            
        
        </a>
    
</div>

    
    
    
        
    

    <div class="no-heading block" id="user_blockinstance_135620_target">
        
        
            <div class="imageblock card-body">
    <div class="image">
        
        <a class="modal_link" href="#">
            <img rel="leap2:has_part" href="portfolio:artefact89320" alt="flight-aircraft-boeing-777-transport-travel-fly.jpg" title="flight-aircraft-boeing-777-transport-travel-fly.jpg" />
        </a>
        
    </div>

    
</div>

        
    </div>
</div>
</div><div id="user_block_135621"><div class="bt-image gridstackblock card card-secondary clearfix" id="user_blockinstance_135621">
    
        <div class="block-header d-none">
    
        <a class="commentlink" href="#" title="">
        
            
                <span class="icon icon-plus" title="Commentaires et les détails"></span>
                Ajouter un commentaire
                <span class="bh-margin-left icon icon-search-plus"></span>
                Détails
            
        
        </a>
    
</div>

    
    
    
        
    

    <div class="no-heading block" id="user_blockinstance_135621_target">
        
        
            <div class="imageblock card-body">
    <div class="image">
        
        <a class="modal_link" href="#">
            <img rel="leap2:has_part" href="portfolio:artefact89321" alt="wallpaper-1917080.jpg" title="wallpaper-1917080.jpg" />
        </a>
        
    </div>

    
</div>

        
    </div>
</div>
</div></div></div></content>
        <rdf:type rdf:resource="leap2:selection"/>

        <link rel="leap2:has_part" href="portfolio:artefact89319"/>
        <link rel="leap2:has_part" href="portfolio:artefact86288"/>
        <link rel="leap2:has_part" href="portfolio:artefact86290"/>
        <link rel="leap2:has_part" href="portfolio:artefact86292"/>
        <link rel="leap2:has_part" href="portfolio:artefact86293"/>
        <link rel="leap2:has_part" href="portfolio:artefact89320"/>
        <link rel="leap2:has_part" href="portfolio:artefact89321"/>
        <link rel="leap2:has_part" href="portfolio:artefact87681"/>
        <link rel="leap2:has_part" href="portfolio:artefact87748"/>
        <link rel="leap2:has_part" href="portfolio:artefact87763"/>
        <link rel="leap2:has_part" href="portfolio:artefact87770"/>
        <link rel="leap2:has_part" href="portfolio:artefact89317"/>
        <link rel="leap2:has_part" href="portfolio:artefact87783"/>
        <link rel="leap2:has_part" href="portfolio:artefact87787"/>
        <link rel="leap2:has_part" href="portfolio:artefact89318"/>


        <category term="Webpage" scheme="categories:selection_type#"/>





        <mahara:view mahara:newlayout="1" mahara:type="profile" mahara:ownerformat="6">
        
            
            <mahara:blockinstance mahara:blocktype="image" mahara:blocktitle="" mahara:positionx="0" mahara:positiony="0" mahara:height="40" mahara:width="9">
                
                    
                    <mahara:artefactid>[&quot;portfolio:artefact89319&quot;]</mahara:artefactid>
                    
                
                    
                    <mahara:showdescription>[false]</mahara:showdescription>
                    
                
                    
                    <mahara:width>[&quot;&quot;]</mahara:width>
                    
                
                    
                    <mahara:retractable>[0]</mahara:retractable>
                    
                
                    
                    <mahara:retractedonload>[0]</mahara:retractedonload>
                    
                
                
                
            </mahara:blockinstance>
            
            <mahara:blockinstance mahara:blocktype="text" mahara:blocktitle="BIENVENUE" mahara:positionx="0" mahara:positiony="40" mahara:height="14" mahara:width="12">
                
                    
                    <mahara:text>[&quot;&lt;p&gt;Bienvenue dans mon portfolio !&lt;\/p&gt;\r\n&lt;p&gt;&amp;nbsp;&lt;\/p&gt;\r\n&lt;p&gt;Vous trouverez toute mes information personnelles&lt;\/p&gt;&quot;]</mahara:text>
                    
                
                    
                    <mahara:instructions></mahara:instructions>
                    
                
                
                
            </mahara:blockinstance>
            
            <mahara:blockinstance mahara:blocktype="profileinfo" mahara:blocktitle="À propos de moi" mahara:positionx="0" mahara:positiony="54" mahara:height="34" mahara:width="3">
                
                    
                    <mahara:fields>[[&quot;firstname&quot;,&quot;lastname&quot;,&quot;studentid&quot;,&quot;preferredname&quot;]]</mahara:fields>
                    
                
                    
                    <mahara:email>[&quot;oscar.ferreira-araujo@etu.u-pec.fr&quot;]</mahara:email>
                    
                
                    
                    <mahara:introtext>[&quot;&lt;p&gt;Bonjour je m&#039;appelle Oscar Ferreira j&#039;ai 18 ans je suis n&amp;eacute; au Portugal dans la ville de Porto le 11 Juillet 2004.&amp;nbsp;&lt;\/p&gt;\r\n&lt;p&gt;&lt;br \/&gt;Je suis actuellement a L&#039;UPEC de Vitry Sur Seine dans le domaine R&amp;eacute;s&amp;eacute;aux et T&amp;eacute;l&amp;eacute;communication,&amp;nbsp;&lt;\/p&gt;&quot;]</mahara:introtext>
                    
                
                
                
            </mahara:blockinstance>
            
            <mahara:blockinstance mahara:blocktype="text" mahara:blocktitle="About me" mahara:positionx="3" mahara:positiony="54" mahara:height="17" mahara:width="3">
                
                    
                    <mahara:text>[&quot;&lt;p id=\&quot;user_tw-target-text\&quot; class=\&quot;tw-data-text tw-text-large tw-ta\&quot; dir=\&quot;ltr\&quot;&gt;&lt;span class=\&quot;Y2IQFc\&quot; lang=\&quot;en\&quot;&gt;Hello my name is Oscar Ferreira I am 18 years old I was born in Portugal in the city of Porto on July 11, 2004.&lt;\/span&gt;&lt;\/p&gt;\r\n&lt;p class=\&quot;tw-data-text tw-text-large tw-ta\&quot; dir=\&quot;ltr\&quot;&gt;&lt;span class=\&quot;Y2IQFc\&quot; lang=\&quot;en\&quot;&gt;I am currently at the UPEC of Vitry Sur Seine in the Networks and Telecommunications field,&lt;\/span&gt;&lt;\/p&gt;&quot;]</mahara:text>
                    
                
                    
                    <mahara:instructions></mahara:instructions>
                    
                
                
                
            </mahara:blockinstance>
            
            <mahara:blockinstance mahara:blocktype="entireresume" mahara:blocktitle="Mon CV" mahara:positionx="6" mahara:positiony="54" mahara:height="147" mahara:width="4">
                
                    
                    <mahara:tags>[null]</mahara:tags>
                    
                
                    
                    <mahara:retractable>[0]</mahara:retractable>
                    
                
                    
                    <mahara:retractedonload>[0]</mahara:retractedonload>
                    
                
                
                
            </mahara:blockinstance>
            
            <mahara:blockinstance mahara:blocktype="text" mahara:blocktitle="Sobre mí" mahara:positionx="3" mahara:positiony="71" mahara:height="17" mahara:width="3">
                
                    
                    <mahara:text>[&quot;&lt;p id=\&quot;user_tw-target-text\&quot; class=\&quot;tw-data-text tw-text-large tw-ta\&quot; dir=\&quot;ltr\&quot;&gt;&lt;span class=\&quot;Y2IQFc\&quot; lang=\&quot;es\&quot;&gt;Hola mi nombre es Oscar Ferreira tengo 18 a&amp;ntilde;os nac&amp;iacute; en Portugal en la ciudad de Porto el 11 de julio de 2004. &lt;\/span&gt;&lt;\/p&gt;\r\n&lt;p class=\&quot;tw-data-text tw-text-large tw-ta\&quot; dir=\&quot;ltr\&quot;&gt;&lt;span class=\&quot;Y2IQFc\&quot; lang=\&quot;es\&quot;&gt;Actualmente estoy en la UPEC de Vitry Sur Seine en el campo de Redes y Telecomunicaciones,&lt;\/span&gt;&lt;\/p&gt;&quot;]</mahara:text>
                    
                
                    
                    <mahara:instructions></mahara:instructions>
                    
                
                
                
            </mahara:blockinstance>
            
            <mahara:blockinstance mahara:blocktype="text" mahara:blocktitle="Langues" mahara:positionx="0" mahara:positiony="88" mahara:height="13" mahara:width="4">
                
                    
                    <mahara:text>[&quot;&lt;p&gt;&lt;strong&gt;- Anglais&amp;nbsp;&lt;\/strong&gt;&lt;\/p&gt;\r\n&lt;p&gt;&lt;strong&gt;-Portugais&lt;\/strong&gt;&lt;\/p&gt;\r\n&lt;p&gt;&lt;strong&gt;-Espanhol&lt;\/strong&gt;&lt;\/p&gt;&quot;]</mahara:text>
                    
                
                    
                    <mahara:instructions></mahara:instructions>
                    
                
                
                
            </mahara:blockinstance>
            
            <mahara:blockinstance mahara:blocktype="image" mahara:blocktitle="" mahara:positionx="0" mahara:positiony="101" mahara:height="21" mahara:width="3">
                
                    
                    <mahara:artefactid>[&quot;portfolio:artefact89320&quot;]</mahara:artefactid>
                    
                
                    
                    <mahara:showdescription>[false]</mahara:showdescription>
                    
                
                    
                    <mahara:width>[&quot;&quot;]</mahara:width>
                    
                
                    
                    <mahara:retractable>[0]</mahara:retractable>
                    
                
                    
                    <mahara:retractedonload>[0]</mahara:retractedonload>
                    
                
                
                
            </mahara:blockinstance>
            
            <mahara:blockinstance mahara:blocktype="image" mahara:blocktitle="" mahara:positionx="3" mahara:positiony="101" mahara:height="20" mahara:width="3">
                
                    
                    <mahara:artefactid>[&quot;portfolio:artefact89321&quot;]</mahara:artefactid>
                    
                
                    
                    <mahara:showdescription>[false]</mahara:showdescription>
                    
                
                    
                    <mahara:width>[&quot;&quot;]</mahara:width>
                    
                
                    
                    <mahara:retractable>[0]</mahara:retractable>
                    
                
                    
                    <mahara:retractedonload>[0]</mahara:retractedonload>
                    
                
                
                
            </mahara:blockinstance>
            
        
        </mahara:view>
    </entry>

    <entry>
        <title>Dashboard page</title>
        <id>portfolio:view30762</id>

        <updated>2022-09-20T16:04:28+02:00</updated>
        <published>2022-09-20T16:04:28+02:00</published>

        <summary type="xhtml"><div xmlns="http://www.w3.org/1999/xhtml"><div></div></div></summary>

   <subtitle type="xhtml"><div xmlns="http://www.w3.org/1999/xhtml"><div></div></div></subtitle>
        <content type="xhtml"><div xmlns="http://www.w3.org/1999/xhtml"><div><div id="user_block_131856"><div class="bt-newviews gridstackblock card card-secondary clearfix" id="user_blockinstance_131856">
    
    
    
        <h2 class="title card-header js-heading">
            

            <span class="collapse-inline">
                Portfolios partagés avec moi
                
            </span>

            

        </h2>
    

    <div class="block" id="user_blockinstance_131856_target">
        
        
            
<div class="card-body">
    <p class="lead text-small">Aucunes pages ni collections</p>
</div>


        
    </div>
</div>
</div><div id="user_block_131854"><div class="bt-inbox gridstackblock card card-secondary clearfix" id="user_blockinstance_131854">
    
    
    
        <h2 class="title card-header js-heading">
            

            <span class="collapse-inline">
                Boîte de réception
                
            </span>

            

        </h2>
    

    <div class="block" id="user_blockinstance_131854_target">
        
        
            
    <div id="user_inboxblock" class="inboxblock list-group">
        
        <div class="collapsible list-group-item flush-collapsible">
            
                <h3 class="title list-group-item-heading"><a class="collapsed link-block" href="#message_content_viewaccess_53576">
                    
                        <span class="icon icon-wrench text-default left"></span>
                    
                    <span class="sr-only">Nouveaux accès à une page</span>
                    <span class="subject">Vous avez reçu l'accès à 1 portfolio par Mounir...</span>
                    <span class="icon icon-chevron-down collapse-indicator float-right"></span>
                </a></h3>
            
            <div class="collapse" id="user_message_content_viewaccess_53576">
                
                    <p class="content-text">Vous avez reçus les droits suivants:<br /><br />Profile page<br /><br /></p>
                    
                        <a href="https://eportfolio.u-pec.fr/view/view.php?id=30764" class="text-small">
                            Portfolio <span class="icon icon-arrow-right mls icon-sm"></span>
                        </a>
                    
                    
                
            </div>
        </div>
        
        <div class="collapsible list-group-item flush-collapsible">
            
                <h3 class="title list-group-item-heading"><a class="collapsed link-block" href="#message_content_maharamessage_53218">
                    
                        <span class="icon icon-wrench text-default left"></span>
                    
                    <span class="sr-only">Messages système</span>
                    <span class="subject">Confirmation d'affiliation à une institution</span>
                    <span class="icon icon-chevron-down collapse-indicator float-right"></span>
                </a></h3>
            
            <div class="collapse" id="user_message_content_maharamessage_53218">
                
                    <p class="content-text">Vous êtes maintenant membre de UPEC.</p>
                    
                    
                
            </div>
        </div>
        
    </div>
    
    


        
    </div>
</div>
</div><div id="user_block_131855"><div class="bt-myviews gridstackblock card card-secondary clearfix" id="user_blockinstance_131855">
    
    
    
        <h2 class="title card-header js-heading">
            

            <span class="collapse-inline">
                Mes portfolios
                
            </span>

            

        </h2>
    

    <div class="block" id="user_blockinstance_131855_target">
        
        
            
    <div class="list-group">
        <div id="user_myviewlist">
            

        </div>
    
    
    </div>


        
    </div>
</div>
</div><div id="user_block_131852"><div class="bt-inbox gridstackblock card card-secondary clearfix" id="user_blockinstance_131852">
    
    
    
        <h2 class="title card-header js-heading">
            

            <span class="collapse-inline">
                Sujets que je suis
                
            </span>

            

        </h2>
    

    <div class="block" id="user_blockinstance_131852_target">
        
        
            
    <div class="card-body">
        <p class="lead text-small">Pas de messages</p>
    </div>


        
    </div>
</div>
</div></div></div></content>
        <rdf:type rdf:resource="leap2:selection"/>



        <category term="Webpage" scheme="categories:selection_type#"/>





        <mahara:view mahara:newlayout="1" mahara:type="dashboard" mahara:ownerformat="6">
        
            
            <mahara:blockinstance mahara:blocktype="newviews" mahara:blocktitle="" mahara:positionx="0" mahara:positiony="0" mahara:height="1" mahara:width="6">
                
                    
                    <mahara:limit>[5]</mahara:limit>
                    
                
                    
                    <mahara:user>[1]</mahara:user>
                    
                
                    
                    <mahara:friend>[1]</mahara:friend>
                    
                
                    
                    <mahara:group>[1]</mahara:group>
                    
                
                
                
            </mahara:blockinstance>
            
            <mahara:blockinstance mahara:blocktype="inbox" mahara:blocktitle="" mahara:positionx="6" mahara:positiony="0" mahara:height="1" mahara:width="6">
                
                    
                    <mahara:feedback>[true]</mahara:feedback>
                    
                
                    
                    <mahara:groupmessage>[true]</mahara:groupmessage>
                    
                
                    
                    <mahara:institutionmessage>[true]</mahara:institutionmessage>
                    
                
                    
                    <mahara:maharamessage>[true]</mahara:maharamessage>
                    
                
                    
                    <mahara:usermessage>[true]</mahara:usermessage>
                    
                
                    
                    <mahara:viewaccess>[true]</mahara:viewaccess>
                    
                
                    
                    <mahara:watchlist>[true]</mahara:watchlist>
                    
                
                    
                    <mahara:maxitems>[&quot;5&quot;]</mahara:maxitems>
                    
                
                    
                    <mahara:wallpost>[true]</mahara:wallpost>
                    
                
                
                
            </mahara:blockinstance>
            
            <mahara:blockinstance mahara:blocktype="myviews" mahara:blocktitle="" mahara:positionx="0" mahara:positiony="1" mahara:height="1" mahara:width="6">
                
                
                
            </mahara:blockinstance>
            
            <mahara:blockinstance mahara:blocktype="inbox" mahara:blocktitle="" mahara:positionx="6" mahara:positiony="1" mahara:height="1" mahara:width="6">
                
                    
                    <mahara:newpost>[true]</mahara:newpost>
                    
                
                    
                    <mahara:maxitems>[&quot;5&quot;]</mahara:maxitems>
                    
                
                
                
            </mahara:blockinstance>
            
        
        </mahara:view>
    </entry>

    <entry>
        <title>Images de couverture</title>
        <id>portfolio:artefact86403</id>

        <updated>2022-09-20T16:04:35+02:00</updated>
        <published>2022-09-20T16:04:35+02:00</published>




        <content></content>
        <rdf:type rdf:resource="leap2:selection"/>
        <mahara:artefactplugin mahara:type="folder" mahara:plugin="file"/>


        <category term="Folder" scheme="categories:selection_type#"/>




    </entry>


    <entry>
        <title>silhouette-homme.jpg</title>
        <id>portfolio:artefact86411</id>

        <updated>2022-09-20T16:04:14+02:00</updated>
        <published>2022-09-20T16:04:14+02:00</published>




        <content type="xhtml"><div xmlns="http://www.w3.org/1999/xhtml"><div></div></div></content>
        <rdf:type rdf:resource="leap2:resource"/>
        <mahara:artefactplugin mahara:type="image" mahara:plugin="file"/>
        <link rel="enclosure" type="image/jpeg" href="export_info/files/86411-silhouette-homme.jpg"/>


        <category term="Offline" scheme="categories:resource_type#" label="File"/>




    </entry>


    <entry>
        <title>COA_pt_garde_nationale_républicaine.svg.png</title>
        <id>portfolio:artefact86459</id>

        <updated>2022-09-20T17:05:13+02:00</updated>
        <published>2022-09-20T17:05:13+02:00</published>




        <content type="xhtml"><div xmlns="http://www.w3.org/1999/xhtml"><div></div></div></content>
        <rdf:type rdf:resource="leap2:resource"/>
        <mahara:artefactplugin mahara:type="image" mahara:plugin="file"/>
        <link rel="enclosure" type="image/png" href="export_info/files/86459-COA_pt_garde_nationale_républicaine.svg.png"/>


        <category term="Offline" scheme="categories:resource_type#" label="File"/>




    </entry>


    <entry>
        <title>Historique de formation</title>
        <id>portfolio:artefact87748</id>

        <updated>2022-09-27T10:10:22+02:00</updated>
        <published>2022-09-27T10:10:22+02:00</published>




        <content></content>
        <rdf:type rdf:resource="leap2:selection"/>
        <mahara:artefactplugin mahara:type="educationhistory" mahara:plugin="resume"/>
        <link rel="leap2:has_part" href="portfolio:resumecomposite-87748-child-958" leap2:display_order="1"/>


        <category term="Grouping" scheme="categories:selection_type#"/>




    </entry>


    <entry>
        <title>Baccalauréat Sciences et Technologies de l&#039;Industrie et du Développement Durable</title>
        <id>portfolio:resumecomposite-87748-child-958</id>

        <updated>2022-09-27T10:10:22+02:00</updated>





        <content>&lt;p&gt;J&#039;ai obtenue se dipl&amp;ocirc;me national en 2022 alors que je &amp;eacute;tais au lyc&amp;eacute;e Adolph Ch&amp;eacute;rioux dans la fili&amp;egrave;re STI2D option sin.&lt;/p&gt;</content>
        <rdf:type rdf:resource="leap2:activity"/>
        <mahara:artefactplugin mahara:type="pseudo:educationhistory" mahara:plugin="resume"/>
        <link rel="leap2:is_part_of" href="portfolio:artefact87748" leap2:display_order="1"/>
        <link rel="leap2:supported_by" href="portfolio:resumesibling-87748-sibling-958-rel-supports"/>
        <link rel="leap2:supports" href="portfolio:resumesibling-87748-sibling-958-rel-supported_by"/>


        <category term="Education" scheme="categories:life_area#"/>






        <leap2:date leap2:point="start" leap2:label="2021"></leap2:date>

        <leap2:date leap2:point="end" leap2:label="2022"></leap2:date>

    </entry>

    <entry>
        <title>Lyceé Adolph Chérioux</title>
        <id>portfolio:resumesibling-87748-sibling-958-rel-supports</id>

        <updated>2022-09-27T10:10:22+02:00</updated>





        <content></content>
        <rdf:type rdf:resource="leap2:organization"/>
        <mahara:artefactplugin mahara:type="pseudo:educationhistory" mahara:plugin="resume"/>
        <link rel="leap2:supports" href="portfolio:resumecomposite-87748-child-958"/>










    </entry>

    <entry>
        <title></title>
        <id>portfolio:resumesibling-87748-sibling-958-rel-supported_by</id>

        <updated>2022-09-27T10:10:22+02:00</updated>





        <content>Baccalauréat Sciences et Technologies de l&#039;Industrie et du Développement Durable</content>
        <rdf:type rdf:resource="leap2:achievement"/>
        <mahara:artefactplugin mahara:type="pseudo:educationhistory" mahara:plugin="resume"/>
        <link rel="leap2:supported_by" href="portfolio:resumecomposite-87748-child-958"/>










    </entry>

    <entry>
        <title>Historique des emplois</title>
        <id>portfolio:artefact87763</id>

        <updated>2022-09-27T10:10:20+02:00</updated>
        <published>2022-09-27T10:10:20+02:00</published>




        <content></content>
        <rdf:type rdf:resource="leap2:selection"/>
        <mahara:artefactplugin mahara:type="employmenthistory" mahara:plugin="resume"/>
        <link rel="leap2:has_part" href="portfolio:resumecomposite-87763-child-655" leap2:display_order="1"/>


        <category term="Grouping" scheme="categories:selection_type#"/>




    </entry>


    <entry>
        <title>Stageiére </title>
        <id>portfolio:resumecomposite-87763-child-655</id>

        <updated>2022-09-27T10:10:20+02:00</updated>





        <content>&lt;p&gt;Pendant ma scolarit&amp;eacute; de 3eme j&#039;ai donc eu a faire un stage de par rapport a mon orientation. J&#039;ai donc fait une lettre de motivation. Pendant le stage j&#039;ai eu a faire plein de travail qui en lien avec technicien informatique, exemple formater des PC, modifier des disque dur, et d&#039;autres petites t&amp;acirc;che a faire.&lt;/p&gt;</content>
        <rdf:type rdf:resource="leap2:activity"/>
        <mahara:artefactplugin mahara:type="pseudo:employmenthistory" mahara:plugin="resume"/>
        <link rel="leap2:is_part_of" href="portfolio:artefact87763" leap2:display_order="1"/>
        <link rel="leap2:supported_by" href="portfolio:resumesibling-87763-sibling-655-rel-supports"/>


        <category term="Work" scheme="categories:life_area#"/>






        <leap2:date leap2:point="start" leap2:label="2018"></leap2:date>

        <leap2:date leap2:point="end" leap2:label="2019"></leap2:date>

    </entry>

    <entry>
        <title>NextInformation</title>
        <id>portfolio:resumesibling-87763-sibling-655-rel-supports</id>

        <updated>2022-09-27T10:10:20+02:00</updated>





        <content></content>
        <rdf:type rdf:resource="leap2:organization"/>
        <mahara:artefactplugin mahara:type="pseudo:employmenthistory" mahara:plugin="resume"/>
        <link rel="leap2:supports" href="portfolio:resumecomposite-87763-child-655"/>










    </entry>

    <entry>
        <title>Objectifs de carrière</title>
        <id>portfolio:artefact87770</id>

        <updated>2022-10-13T12:12:29+02:00</updated>
        <published>2022-09-27T10:10:09+02:00</published>




        <content type="xhtml"><div xmlns="http://www.w3.org/1999/xhtml"><div><p><strong>-Devenir Pilote de Ligne</strong></p>
<p><br /><strong>-Maitrise plusieurs competences dans le domaine du Reseau/Informatique</strong></p></div></div></content>
        <rdf:type rdf:resource="leap2:entry"/>
        <mahara:artefactplugin mahara:type="careergoal" mahara:plugin="resume"/>
        <link rel="leap2:is_part_of" href="portfolio:view30760"/>






    </entry>


    <entry>
        <title>Objectifs personnels</title>
        <id>portfolio:artefact87783</id>

        <updated>2022-10-13T12:12:43+02:00</updated>
        <published>2022-09-27T10:10:13+02:00</published>




        <content type="xhtml"><div xmlns="http://www.w3.org/1999/xhtml"><div><p><strong>- Informatique :</strong></p>
<ul>
<li><strong><em>Maitrise </em>HTML<em> et </em>CSS</strong></li>
<li>Programmation<strong> Arduino<br /></strong><strong><br /></strong></li>
</ul>
<p><strong>- Aeronautique :</strong></p>
<ul>
<li><strong>Maitrise sur plusieur simulateur de vol </strong></li>
<li><strong>Maitrise theorique du mecanisme d'un avion</strong></li>
</ul></div></div></content>
        <rdf:type rdf:resource="leap2:entry"/>
        <mahara:artefactplugin mahara:type="personalgoal" mahara:plugin="resume"/>
        <link rel="leap2:is_part_of" href="portfolio:view30760"/>






    </entry>


    <entry>
        <title>Compétences personnelles</title>
        <id>portfolio:artefact87787</id>

        <updated>2022-10-13T12:12:45+02:00</updated>
        <published>2022-09-27T10:10:54+02:00</published>




        <content type="xhtml"><div xmlns="http://www.w3.org/1999/xhtml"><div><p><span style="background-color:#ffffff;color:#e03e2d;"><strong><span style="color:#000000;">- Autonomie/Travail en équipe</span></strong> </span>: Je suis autonome mais j'ai aussi un esprit de camaraderie très fort c'est a dire que pendant un TP en Réseaux et télécommunication nous avons du a faire a plusieurs exercices en solo mais non seulement pas comme un mini défis que nous avons eu a la fin du TP que on devrait nous mettre par groupe de table et que nous devions créer un serveur a l'aide de plusieurs PC donc de plusieurs camarades.</p>
<p dir="ltr"><span style="color:#000000;"><strong>- Rigoureux : </strong>Je fait preuve de précision dans mon travail, dans mon quotidien. C'est a dire que, je suis capable de organiser mon espace de travail, catégoriser mes tâches.</span></p>
<p> </p>
<p> </p></div></div></content>
        <rdf:type rdf:resource="leap2:ability"/>
        <mahara:artefactplugin mahara:type="personalskill" mahara:plugin="resume"/>
        <link rel="leap2:is_part_of" href="portfolio:view30760"/>






    </entry>


    <entry>
        <title>Enjeux-WAVETEL-solutions-inedites-au-services-des-reseau-et-telecom.jpg</title>
        <id>portfolio:artefact88871</id>

        <updated>2022-10-06T15:03:08+02:00</updated>
        <published>2022-10-06T15:03:08+02:00</published>




        <content type="xhtml"><div xmlns="http://www.w3.org/1999/xhtml"><div></div></div></content>
        <rdf:type rdf:resource="leap2:resource"/>
        <mahara:artefactplugin mahara:type="image" mahara:plugin="file"/>
        <link rel="enclosure" type="image/jpeg" href="export_info/files/88871-Enjeux-WAVETEL-solutions-inedites-au-services-des-reseau-et-telecom.jpg"/>


        <category term="Offline" scheme="categories:resource_type#" label="File"/>




    </entry>


    <entry>
        <title>blue-world-social-network-line-wallpaper-preview.jpg</title>
        <id>portfolio:artefact88874</id>

        <updated>2022-10-06T15:03:19+02:00</updated>
        <published>2022-10-06T15:03:19+02:00</published>




        <content type="xhtml"><div xmlns="http://www.w3.org/1999/xhtml"><div></div></div></content>
        <rdf:type rdf:resource="leap2:resource"/>
        <mahara:artefactplugin mahara:type="image" mahara:plugin="file"/>
        <link rel="enclosure" type="image/jpeg" href="export_info/files/88874-blue-world-social-network-line-wallpaper-preview.jpg"/>


        <category term="Offline" scheme="categories:resource_type#" label="File"/>




    </entry>


    <entry>
        <title>1200px-UPEC-logo.svg.png</title>
        <id>portfolio:artefact88877</id>

        <updated>2022-10-06T15:03:11+02:00</updated>
        <published>2022-10-06T15:03:11+02:00</published>




        <content type="xhtml"><div xmlns="http://www.w3.org/1999/xhtml"><div></div></div></content>
        <rdf:type rdf:resource="leap2:resource"/>
        <mahara:artefactplugin mahara:type="image" mahara:plugin="file"/>
        <link rel="enclosure" type="image/png" href="export_info/files/88877-1200px-UPEC-logo.svg.png"/>


        <category term="Offline" scheme="categories:resource_type#" label="File"/>




    </entry>


    <entry>
        <title>Objectifs académiques</title>
        <id>portfolio:artefact89317</id>

        <updated>2022-10-13T12:12:32+02:00</updated>
        <published>2022-10-13T12:12:39+02:00</published>




        <content type="xhtml"><div xmlns="http://www.w3.org/1999/xhtml"><div><p><strong>-</strong> <strong>Obtenir un Bachelor Universitaires de Technologie en réseaux télécommunications.</strong></p>
<p><strong>- Obtenir le PPL (Licence de Pilote Prive).</strong></p></div></div></content>
        <rdf:type rdf:resource="leap2:entry"/>
        <mahara:artefactplugin mahara:type="academicgoal" mahara:plugin="resume"/>
        <link rel="leap2:is_part_of" href="portfolio:view30760"/>






    </entry>


    <entry>
        <title>Centres d&#039;intérêt</title>
        <id>portfolio:artefact89318</id>

        <updated>2022-10-13T12:12:08+02:00</updated>
        <published>2022-10-13T12:12:08+02:00</published>




        <content type="xhtml"><div xmlns="http://www.w3.org/1999/xhtml"><div><p><strong>-Informatique</strong></p>
<p><strong>-Aeronautique</strong></p>
<p><strong>-Jeux Video</strong></p>
<p><strong>-Voyages</strong></p></div></div></content>
        <rdf:type rdf:resource="leap2:entry"/>
        <mahara:artefactplugin mahara:type="interest" mahara:plugin="resume"/>
        <link rel="leap2:is_part_of" href="portfolio:view30760"/>






    </entry>


    <entry>
        <title>portfolio-1000x500.jpg</title>
        <id>portfolio:artefact89319</id>

        <updated>2022-10-13T12:12:34+02:00</updated>
        <published>2022-10-13T12:12:34+02:00</published>




        <content type="xhtml"><div xmlns="http://www.w3.org/1999/xhtml"><div></div></div></content>
        <rdf:type rdf:resource="leap2:resource"/>
        <mahara:artefactplugin mahara:type="image" mahara:plugin="file"/>
        <link rel="enclosure" type="image/jpeg" href="export_info/files/89319-portfolio-1000x500.jpg"/>
        <link rel="leap2:is_part_of" href="portfolio:view30760"/>


        <category term="Offline" scheme="categories:resource_type#" label="File"/>




    </entry>


    <entry>
        <title>flight-aircraft-boeing-777-transport-travel-fly.jpg</title>
        <id>portfolio:artefact89320</id>

        <updated>2022-10-13T12:12:55+02:00</updated>
        <published>2022-10-13T12:12:55+02:00</published>




        <content type="xhtml"><div xmlns="http://www.w3.org/1999/xhtml"><div></div></div></content>
        <rdf:type rdf:resource="leap2:resource"/>
        <mahara:artefactplugin mahara:type="image" mahara:plugin="file"/>
        <link rel="enclosure" type="image/jpeg" href="export_info/files/89320-flight-aircraft-boeing-777-transport-travel-fly.jpg"/>
        <link rel="leap2:is_part_of" href="portfolio:view30760"/>


        <category term="Offline" scheme="categories:resource_type#" label="File"/>




    </entry>


    <entry>
        <title>wallpaper-1917080.jpg</title>
        <id>portfolio:artefact89321</id>

        <updated>2022-10-13T12:12:21+02:00</updated>
        <published>2022-10-13T12:12:21+02:00</published>




        <content type="xhtml"><div xmlns="http://www.w3.org/1999/xhtml"><div></div></div></content>
        <rdf:type rdf:resource="leap2:resource"/>
        <mahara:artefactplugin mahara:type="image" mahara:plugin="file"/>
        <link rel="enclosure" type="image/jpeg" href="export_info/files/89321-wallpaper-1917080.jpg"/>
        <link rel="leap2:is_part_of" href="portfolio:view30760"/>


        <category term="Offline" scheme="categories:resource_type#" label="File"/>




    </entry>


    <entry>
        <title>Oscar Ferreira Araujo</title>
        <id>portfolio:artefactinternal</id>

        <updated>2022-09-20T16:04:28+02:00</updated>





        <content></content>
        <rdf:type rdf:resource="leap2:person"/>
        <mahara:artefactplugin mahara:type="internal" mahara:plugin="internal"/>


        <category term="Self" scheme="categories:person_type#"/>






        <leap2:persondata
            mahara:artefactplugin="internal"
            mahara:artefacttype="email"

            leap2:field="email"

            leap2:label="Adresse de courriel"

        >oscar.ferreira-araujo@etu.u-pec.fr</leap2:persondata>

        <leap2:persondata
            mahara:artefactplugin="internal"
            mahara:artefacttype="firstname"

            leap2:field="legal_given_name"

            leap2:label="Prénom"

        >Oscar</leap2:persondata>

        <leap2:persondata
            mahara:artefactplugin="internal"
            mahara:artefacttype="lastname"

            leap2:field="legal_family_name"

            leap2:label="Nom"

        >FERREIRA ARAUJO</leap2:persondata>

        <leap2:persondata
            mahara:artefactplugin="internal"
            mahara:artefacttype="preferredname"

            leap2:field="preferred_given_name"

            leap2:label="Nom préféré"

        >Oscar Ferreira Araujo</leap2:persondata>

        <leap2:persondata
            mahara:artefactplugin="internal"
            mahara:artefacttype="studentid"

            leap2:field="other"

            leap2:label="Identifiant étudiant"

        >u32207086</leap2:persondata>

        <leap2:persondata
            mahara:artefactplugin="resume"
            mahara:artefacttype="personalinformation/dateofbirth"

            leap2:field="dob"

            leap2:label="Date de naissance"

        >2004-07-11T00:12:00+02:00</leap2:persondata>

        <leap2:persondata
            mahara:artefactplugin="resume"
            mahara:artefacttype="personalinformation/placeofbirth"

            leap2:field="other" mahara:field="placeofbirth"

            leap2:label="Lieu de naissance"

        >Porto, Portugal</leap2:persondata>

        <leap2:persondata
            mahara:artefactplugin="resume"
            mahara:artefacttype="personalinformation/citizenship"

            leap2:field="other" mahara:field="citizenship"

            leap2:label="Citoyenneté"

        >Portuguaise </leap2:persondata>

        <leap2:persondata
            mahara:artefactplugin="resume"
            mahara:artefacttype="personalinformation/gender"

            leap2:field="gender"

            leap2:label="[[gender/artefact.resume]]"

        >1</leap2:persondata>


    </entry>

</feed>
